Handle,Title,Option1 Name,Option1 Value,Option2 Name,Option2 Value,Option3 Name,Option3 Value,SKU,HS Code,COO,Location,Bin name,Incoming (not editable),Unavailable (not editable),Committed (not editable),Available (not editable),On hand (current),On hand (new)
avental-cirurgico-descartavel-standard-sms-alta-barreira,Avental Cirúrgico Descartável Standard — SMS Alta Barreira,Tamanho,M,,,,,ASE-AVEN-01-M,,,Local da loja,,0,0,0,0,0,10
avental-cirurgico-descartavel-standard-sms-alta-barreira,Avental Cirúrgico Descartável Standard — SMS Alta Barreira,Tamanho,G,,,,,ASE-AVEN-01-G,,,Local da loja,,0,0,0,0,0,10
avental-cirurgico-descartavel-standard-sms-alta-barreira,Avental Cirúrgico Descartável Standard — SMS Alta Barreira,Tamanho,GG,,,,,ASE-AVEN-01-GG,,,Local da loja,,0,0,0,0,0,10
avental-cirurgico-descartavel-com-reforco-protecao-maxima,Avental Cirúrgico Descartável com Reforço — Proteção Máxima,Tamanho,M,,,,,ASE-AVEN-02-M,,,Local da loja,,0,0,0,0,0,10
avental-cirurgico-descartavel-com-reforco-protecao-maxima,Avental Cirúrgico Descartável com Reforço — Proteção Máxima,Tamanho,G,,,,,ASE-AVEN-02-G,,,Local da loja,,0,0,0,0,0,10
avental-cirurgico-descartavel-com-reforco-protecao-maxima,Avental Cirúrgico Descartável com Reforço — Proteção Máxima,Tamanho,GG,,,,,ASE-AVEN-02-GG,,,Local da loja,,0,0,0,0,0,10
campo-cirurgico-para-cirurgia-de-catarata-0-60-x-0-60-m-sms-c-adesivo,"Campo Cirúrgico para Cirurgia de Catarata 0,60 x 0,60 m — SMS c/ Adesivo",Title,Default Title,,,,,ASE-CAT-01,,,Local da loja,,0,0,0,0,0,10
campo-cirurgico-para-cirurgia-de-catarata-0-80-x-0-80-m-sms-c-adesivo,"Campo Cirúrgico para Cirurgia de Catarata 0,80 x 0,80 m — SMS c/ Adesivo",Title,Default Title,,,,,ASE-CAT-02,,,Local da loja,,0,0,0,0,0,10
campo-cirurgico-para-cirurgia-de-catarata-1-00-x-1-20-m-sms-c-adesivo,"Campo Cirúrgico para Cirurgia de Catarata 1,00 x 1,20 m — SMS c/ Adesivo",Title,Default Title,,,,,ASE-CAT-03,,,Local da loja,,0,0,0,0,0,10
campo-cirurgico-com-fenestra-0-50-x-0-50-m-sms-alta-barreira,"Campo Cirúrgico com Fenestra 0,50 x 0,50 m — SMS Alta Barreira",Title,Default Title,,,,,ASE-FEN-01,,,Local da loja,,0,0,0,0,0,10
campo-cirurgico-com-fenestra-0-60-x-0-60-m-sms-alta-barreira,"Campo Cirúrgico com Fenestra 0,60 x 0,60 m — SMS Alta Barreira",Title,Default Title,,,,,ASE-FEN-02,,,Local da loja,,0,0,0,0,0,10
campo-cirurgico-com-fenestra-0-70-x-0-70-m-sms-alta-barreira,"Campo Cirúrgico com Fenestra 0,70 x 0,70 m — SMS Alta Barreira",Title,Default Title,,,,,ASE-FEN-03,,,Local da loja,,0,0,0,0,0,10
campo-cirurgico-com-fenestra-0-80-x-0-80-m-sms-alta-barreira,"Campo Cirúrgico com Fenestra 0,80 x 0,80 m — SMS Alta Barreira",Title,Default Title,,,,,ASE-FEN-04,,,Local da loja,,0,0,0,0,0,10
campo-cirurgico-com-fenestra-0-75-x-0-50-m-laminado,"Campo Cirúrgico com Fenestra 0,75 x 0,50 m — Laminado",Title,Default Title,,,,,ASE-FEN-05,,,Local da loja,,0,0,0,0,0,10
campo-cirurgico-com-fenestra-0-80-x-0-80-m-laminado,"Campo Cirúrgico com Fenestra 0,80 x 0,80 m — Laminado",Title,Default Title,,,,,ASE-FEN-06,,,Local da loja,,0,0,0,0,0,10
campo-fenestrado-com-sterile-drape-0-50-x-0-50-m,"Campo Fenestrado com Sterile Drape 0,50 x 0,50 m",Title,Default Title,,,,,ASE-FENSD-01,,,Local da loja,,0,0,0,0,0,10
campo-fenestrado-com-sterile-drape-0-60-x-0-60-m,"Campo Fenestrado com Sterile Drape 0,60 x 0,60 m",Title,Default Title,,,,,ASE-FENSD-02,,,Local da loja,,0,0,0,0,0,10
campo-fenestrado-com-sterile-drape-0-80-x-0-80-m,"Campo Fenestrado com Sterile Drape 0,80 x 0,80 m",Title,Default Title,,,,,ASE-FENSD-03,,,Local da loja,,0,0,0,0,0,10
campo-fenestrado-com-sterile-drape-1-00-x-1-20-m,"Campo Fenestrado com Sterile Drape 1,00 x 1,20 m",Title,Default Title,,,,,ASE-FENSD-04,,,Local da loja,,0,0,0,0,0,10
campo-cirurgico-de-mesa-0-60-x-0-60-m-sms-laminado,"Campo Cirúrgico de Mesa 0,60 x 0,60 m — SMS Laminado",Title,Default Title,,,,,ASE-MES-01,,,Local da loja,,0,0,0,0,0,10
campo-cirurgico-de-mesa-0-80-x-0-80-m-sms-laminado,"Campo Cirúrgico de Mesa 0,80 x 0,80 m — SMS Laminado",Title,Default Title,,,,,ASE-MES-02,,,Local da loja,,0,0,0,0,0,10
campo-cirurgico-de-mesa-1-00-x-1-20-m-sms-laminado,"Campo Cirúrgico de Mesa 1,00 x 1,20 m — SMS Laminado",Title,Default Title,,,,,ASE-MES-03,,,Local da loja,,0,0,0,0,0,10
campo-cirurgico-de-mesa-1-00-x-1-40-m-sms-laminado,"Campo Cirúrgico de Mesa 1,00 x 1,40 m — SMS Laminado",Title,Default Title,,,,,ASE-MES-04,,,Local da loja,,0,0,0,0,0,10
campo-cirurgico-de-mesa-1-00-x-1-80-m-sms-laminado,"Campo Cirúrgico de Mesa 1,00 x 1,80 m — SMS Laminado",Title,Default Title,,,,,ASE-MES-05,,,Local da loja,,0,0,0,0,0,10
campo-cirurgico-de-mesa-1-20-x-2-00-m-sms-laminado,"Campo Cirúrgico de Mesa 1,20 x 2,00 m — SMS Laminado",Title,Default Title,,,,,ASE-MES-06,,,Local da loja,,0,0,0,0,0,10
campo-de-mesa-mayo-1-4-x-0-50-m-sms-laminado,"Campo de Mesa Mayo 1,4 x 0,50 m — SMS Laminado",Title,Default Title,,,,,ASE-MAY-01,,,Local da loja,,0,0,0,0,0,10
campo-de-mesa-mayo-1-4-x-1-20-m-sms-laminado,"Campo de Mesa Mayo 1,4 x 1,20 m — SMS Laminado",Title,Default Title,,,,,ASE-MAY-02,,,Local da loja,,0,0,0,0,0,10
campo-cirurgico-para-lasik-1-00-x-1-20-m,"Campo Cirúrgico para LASIK 1,00 x 1,20 m",Title,Default Title,,,,,ASE-LSK-01,,,Local da loja,,0,0,0,0,0,10
oclusor-acrilico-oftalmologico-esteril,Oclusor Acrílico Oftalmológico Estéril,Title,Default Title,,,,,ASE-OCL-01,,,Local da loja,,0,0,0,0,0,10
conjunto-cirurgico-sms-descartavel-camisa-calca,Conjunto Cirúrgico SMS Descartável — Camisa + Calça,Title,Default Title,,,,,ASE-CON-01,,,Local da loja,,0,0,0,0,0,10
kit-cirurgico-universal,Kit Cirúrgico Universal,Title,Default Title,,,,,ASE-KIT-01,,,Local da loja,,0,0,0,0,0,10
kit-cirurgico-universal-pequenas-cirurgias,Kit Cirúrgico Universal Pequenas Cirurgias,Title,Default Title,,,,,ASE-KIT-02,,,Local da loja,,0,0,0,0,0,10
kit-cirurgico-ortopedia-ombro-e-joelho,Kit Cirúrgico Ortopedia — Ombro e Joelho,Title,Default Title,,,,,ASE-KIT-03,,,Local da loja,,0,0,0,0,0,10
kit-cirurgico-ortopedia-quadril-artroscopia-e-proteses,"Kit Cirúrgico Ortopedia — Quadril, Artroscopia e Próteses",Title,Default Title,,,,,ASE-KIT-04,,,Local da loja,,0,0,0,0,0,10
kit-cirurgico-gup-gineco-uro-e-procto,"Kit Cirúrgico GUP — Gineco, Uro e Procto",Title,Default Title,,,,,ASE-KIT-05,,,Local da loja,,0,0,0,0,0,10
kit-cirurgico-implante-portocath-permcath-ou-marcapasso,"Kit Cirúrgico Implante — Portocath, Permcath ou Marcapasso",Title,Default Title,,,,,ASE-KIT-06,,,Local da loja,,0,0,0,0,0,10
kit-cirurgico-coluna,Kit Cirúrgico Coluna,Title,Default Title,,,,,ASE-KIT-07,,,Local da loja,,0,0,0,0,0,10
kit-cirurgico-coluna-endoscopica,Kit Cirúrgico Coluna Endoscópica,Title,Default Title,,,,,ASE-KIT-08,,,Local da loja,,0,0,0,0,0,10
kit-cirurgico-cardiaco,Kit Cirúrgico Cardíaco,Title,Default Title,,,,,ASE-KIT-09,,,Local da loja,,0,0,0,0,0,10
kit-cirurgico-cesarea,Kit Cirúrgico Cesárea,Title,Default Title,,,,,ASE-KIT-10,,,Local da loja,,0,0,0,0,0,10
kit-cirurgico-cesarea-premium,Kit Cirúrgico Cesárea Premium,Title,Default Title,,,,,ASE-KIT-11,,,Local da loja,,0,0,0,0,0,10
kit-cirurgico-angiografico,Kit Cirúrgico Angiográfico,Title,Default Title,,,,,ASE-HEMO-01,,,Local da loja,,0,0,0,0,0,10
kit-cirurgico-cateterismo-radial,Kit Cirúrgico Cateterismo Radial,Title,Default Title,,,,,ASE-HEMO-02,,,Local da loja,,0,0,0,0,0,10
sterile-drape-24-x-15-cm,Sterile Drape 24 x 15 cm,Title,Default Title,,,,,ASE-DRP-01,,,Local da loja,,0,0,0,0,0,10
tech-drape-premium-30-x-20-cm,Tech Drape Premium 30 x 20 cm,Title,Default Title,,,,,ASE-DRP-02,,,Local da loja,,0,0,0,0,0,10
tech-drape-premium-60-x-40-cm,Tech Drape Premium 60 x 40 cm,Title,Default Title,,,,,ASE-DRP-03,,,Local da loja,,0,0,0,0,0,10
sonda-foley-silicone-3-vias-balao-hemostatico-50ml-ponta-reta,Sonda Foley Silicone 3 Vias Balão Hemostático 50ml (Ponta Reta),Tamanho,16 FR,,,,,STE-FOL-16,,,Local da loja,,0,0,0,0,0,0
sonda-foley-silicone-3-vias-balao-hemostatico-50ml-ponta-reta,Sonda Foley Silicone 3 Vias Balão Hemostático 50ml (Ponta Reta),Tamanho,18 FR,,,,,STE-FOL-18,,,Local da loja,,0,0,0,0,0,0
sonda-foley-silicone-3-vias-balao-hemostatico-50ml-ponta-reta,Sonda Foley Silicone 3 Vias Balão Hemostático 50ml (Ponta Reta),Tamanho,20 FR,,,,,STE-FOL-20,,,Local da loja,,0,0,0,0,0,600
sonda-foley-silicone-3-vias-balao-hemostatico-50ml-ponta-reta,Sonda Foley Silicone 3 Vias Balão Hemostático 50ml (Ponta Reta),Tamanho,22 FR,,,,,STE-FOL-22,,,Local da loja,,0,0,0,0,0,600
sonda-foley-silicone-3-vias-balao-hemostatico-50ml-ponta-reta,Sonda Foley Silicone 3 Vias Balão Hemostático 50ml (Ponta Reta),Tamanho,24 FR,,,,,STE-FOL-24,,,Local da loja,,0,0,0,0,0,0
